{"graph": {"path": "media/graph/graph_summary_6b6fcd09.graph.json", "size": 756, "_type": "graph-file", "sha256": "6b6fcd099f4a428caf1c403a16b84dfed8db23ee1879c06a02a88e2d616d84af"}, "_timestamp": 1582224375.5962396, "mae": 1.454936146736145, "epoch": 49, "val_loss": 14.775308591216358, "val_mse": 14.775308609008787, "mse": 3.714997768402099, "loss": 3.714997582965427, "_runtime": 185.13402271270752, "_step": 49, "val_mae": 2.5391438007354736, "best_val_loss": 14.377463739309738, "best_epoch": 41}
